{
	"cache": false,
	"use_primary_settings": false,
	"auto_upgrade": false,
	"cache-resources": true,
	"cache-browser": false,
	"cache-mobile": false,
	"cache-mobile_rules": "Mobile\nAndroid\nSilk/\nKindle\nBlackBerry\nOpera Mini\nOpera Mobi",
	"cache-drop_qs": "fbclid\ngclid\nutm*\n_ga",
	"cache-login_cookie": "",
	"cache-exc_cookies": "",
	"cache-exc_useragents": "",
	"cache-ttl_browser": 31557600,
	"purge-upgrade": false,
	"object": false,
	"object-kind": false,
	"object-host": "localhost",
	"object-port": 11211,
	"object-life": 360,
	"object-persistent": true,
	"object-admin": true,
	"object-transients": true,
	"object-db_id": 0,
	"object-user": "",
	"object-pswd": "",
	"object-global_groups": "users\nuserlogins\nusermeta\nuser_meta\nuseremail\nuserslugs\nsites\nsite-details\nsite-transient\nsite-options\nsite-lookup\nblog-lookup\nblog-id-cache\nblog-details\nnetworks\nrss\nglobal-posts\nglobal-cache-test",
	"object-non_persistent_groups": "comment\ncounts\nplugins",
	"debug-disable_all": false,
	"debug": false,
	"debug-ips": "127.0.0.1",
	"debug-level": false,
	"debug-filesize": 3,
	"debug-collapse_qs": false,
	"debug-inc": "",
	"debug-exc": "",
	"debug-exc_strings": "",
	"img_optm-webp": false
}
